<?xml version="1.0" encoding="UTF-8"?>
<project-private xmlns="http://www.netbeans.org/ns/project-private/1">
    <editor-bookmarks xmlns="http://www.netbeans.org/ns/editor-bookmarks/2" lastBookmarkId="0"/>
    <open-files xmlns="http://www.netbeans.org/ns/projectui-open-files/2">
        <group>
            <file>file:/C:/Users/lucib/OneDrive/Documentos/Uni/2nd/POO1/Actividad%2001/src/actividad/pkg01/Hora.java</file>
            <file>file:/C:/Users/lucib/OneDrive/Documentos/Uni/2nd/POO1/Actividad%2001/src/actividad/pkg01/Main.java</file>
        </group>
    </open-files>
</project-private>
